"SNP","pval","cofactor","order","nullPval","modelAddedPval","model","trait","nSNPs","nLines","PCs"
"1_27850716",0.000000528887227939718,1,3,0.000531721103738232,0.0000505990226685409,"MaxCof","stoden_pred_wet",1244168,200,NA
"2_31330339",0.000043594386094259,1,5,0.0917462423122582,0.0000504550293455056,"MaxCof","stoden_pred_wet",1244168,200,NA
"3_48094377",0.000000000143936421340537,1,2,0.000405840089673952,0.0000146288445504139,"MaxCof","stoden_pred_wet",1244168,200,NA
"5_27677323",0.00000000000000724586496394537,1,1,0.000000981176330582553,0.000000981176330582553,"MaxCof","stoden_pred_wet",1244168,200,NA
"7_31952830",0.000000344508568471906,1,4,0.0102085766716122,0.0000195688000063866,"MaxCof","stoden_pred_wet",1244168,200,NA
