SNP,pval,cofactor,order,nullPval,modelAddedPval,model,trait,nSNPs,nLines,PCs
5_27677323,1.14E-23,1,1,1.20E-07,1.20E-07,MaxCof,stoden_pred_dry,1244168,205,NA
9_19720457,2.92E-15,1,2,0.000186517,3.34E-05,MaxCof,stoden_pred_dry,1244168,205,NA
2_47445200,4.50E-14,1,3,0.000202709,1.94E-05,MaxCof,stoden_pred_dry,1244168,205,NA
9_6262100,7.41E-10,1,4,0.005138137,1.52E-05,MaxCof,stoden_pred_dry,1244168,205,NA
8_3223722,1.52E-08,1,5,0.00089364,3.32E-05,MaxCof,stoden_pred_dry,1244168,205,NA
8_40611540,4.48E-09,1,6,4.03E-05,3.67E-05,MaxCof,stoden_pred_dry,1244168,205,NA
7_2465960,5.61E-11,1,7,0.027077087,1.65E-05,MaxCof,stoden_pred_dry,1244168,205,NA
5_936088,1.60E-09,1,8,0.011502151,2.84E-05,MaxCof,stoden_pred_dry,1244168,205,NA
3_16063266,5.11E-11,1,9,0.070596602,3.17E-05,MaxCof,stoden_pred_dry,1244168,205,NA
5_16541759,5.02E-11,1,10,0.007321362,2.52E-05,MaxCof,stoden_pred_dry,1244168,205,NA
9_55544818,2.70E-09,1,11,0.012349291,1.77E-05,MaxCof,stoden_pred_dry,1244168,205,NA
6_3992491,6.39E-06,1,12,0.112960304,3.84E-05,MaxCof,stoden_pred_dry,1244168,205,NA
8_18559016,5.69E-05,1,13,0.861628734,5.69E-05,MaxCof,stoden_pred_dry,1244168,205,NA
1_27850716,5.28887E-07,1,3,0.000531721,5.0599E-05,MaxCof,stoden_pred_wet,1244168,200,NA
2_31330339,4.35944E-05,1,5,0.091746242,5.0455E-05,MaxCof,stoden_pred_wet,1244168,200,NA
3_48094377,1.43936E-10,1,2,0.00040584,1.46288E-05,MaxCof,stoden_pred_wet,1244168,200,NA
5_27677323,7.24586E-15,1,1,9.81176E-07,9.81176E-07,MaxCof,stoden_pred_wet,1244168,200,NA
7_31952830,3.44509E-07,1,4,0.010208577,1.95688E-05,MaxCof,stoden_pred_wet,1244168,200,NA