"SNP","pval","cofactor","order","nullPval","modelAddedPval","model","trait","nSNPs","nLines","PCs","chr","bp"
"5_27677323",0.0000000000000000000000114,1,1,0.00000012,0.00000012,"MaxCof","stoden_pred_dry",1244168,205,NA,"5","27677323"
"9_19720457",0.00000000000000292,1,2,0.000186517,0.0000334,"MaxCof","stoden_pred_dry",1244168,205,NA,"9","19720457"
"2_47445200",0.000000000000045,1,3,0.000202709,0.0000194,"MaxCof","stoden_pred_dry",1244168,205,NA,"2","47445200"
"9_6262100",0.000000000741,1,4,0.005138137,0.0000152,"MaxCof","stoden_pred_dry",1244168,205,NA,"9","6262100"
"8_3223722",0.0000000152,1,5,0.00089364,0.0000332,"MaxCof","stoden_pred_dry",1244168,205,NA,"8","3223722"
"8_40611540",0.00000000448,1,6,0.0000403,0.0000367,"MaxCof","stoden_pred_dry",1244168,205,NA,"8","40611540"
"7_2465960",0.0000000000561,1,7,0.027077087,0.0000165,"MaxCof","stoden_pred_dry",1244168,205,NA,"7","2465960"
"5_936088",0.0000000016,1,8,0.011502151,0.0000284,"MaxCof","stoden_pred_dry",1244168,205,NA,"5","936088"
"3_16063266",0.0000000000511,1,9,0.070596602,0.0000317,"MaxCof","stoden_pred_dry",1244168,205,NA,"3","16063266"
"5_16541759",0.0000000000502,1,10,0.007321362,0.0000252,"MaxCof","stoden_pred_dry",1244168,205,NA,"5","16541759"
"9_55544818",0.0000000027,1,11,0.012349291,0.0000177,"MaxCof","stoden_pred_dry",1244168,205,NA,"9","55544818"
"6_3992491",0.00000639,1,12,0.112960304,0.0000384,"MaxCof","stoden_pred_dry",1244168,205,NA,"6","3992491"
"8_18559016",0.0000569,1,13,0.861628734,0.0000569,"MaxCof","stoden_pred_dry",1244168,205,NA,"8","18559016"
"1_27850716",0.000000528887,1,3,0.000531721,0.000050599,"MaxCof","stoden_pred_wet",1244168,200,NA,"1","27850716"
"2_31330339",0.0000435944,1,5,0.091746242,0.000050455,"MaxCof","stoden_pred_wet",1244168,200,NA,"2","31330339"
"3_48094377",0.000000000143936,1,2,0.00040584,0.0000146288,"MaxCof","stoden_pred_wet",1244168,200,NA,"3","48094377"
"5_27677323",0.00000000000000724586,1,1,0.000000981176,0.000000981176,"MaxCof","stoden_pred_wet",1244168,200,NA,"5","27677323"
"7_31952830",0.000000344509,1,4,0.010208577,0.0000195688,"MaxCof","stoden_pred_wet",1244168,200,NA,"7","31952830"
